week_start,game,units_sold,gross_revenue,profit,mtx_revenue,avg_discount
2024-01-01,Bully,18940,73683.98936705668,29334.658145435234,0.0,0.6135687042555872
2024-01-01,Grand Theft Auto V,94928,1069814.0986943333,596037.2099090246,92928.7827881804,0.6573843650599784
2024-01-01,L.A. Noire,26347,202766.56599999993,111687.21974998912,0.0,0.6150000000000001
2024-01-01,Max Payne 3,24514,141493.0930232714,72579.67307367483,0.0,0.6135527110913361
2024-01-01,Red Dead Redemption 2,75391,1081142.5020594827,632424.6110804507,80994.95221891659,0.6673002508858641
2024-01-08,Bully,19894,74494.13838814692,29646.38146042789,0.0,0.6226139442061812
2024-01-08,Grand Theft Auto V,97719,1088004.117804029,604480.2981245879,83880.4373040294,0.6575000000000001
2024-01-08,L.A. Noire,28452,224295.79599999994,126526.9596723702,0.0,0.6050000000000001
2024-01-08,Max Payne 3,23378,137305.38586656732,69255.1407377491,0.0,0.608875819251457
2024-01-08,Red Dead Redemption 2,77013,1140748.7248132438,672258.7757217878,88245.91631324423,0.6575000000000001
2024-01-15,Bully,20036,75490.43399999998,30376.70962757063,0.0,0.6250000000000001
2024-01-15,Grand Theft Auto V,95033,1054444.06745925,577624.704841026,84435.10618564124,0.6639776996706868
2024-01-15,L.A. Noire,27392,212169.04796907422,116309.25868485039,0.0,0.6129285007254054
2024-01-15,Max Payne 3,23991,138236.54032238666,69566.09209564888,0.0,0.6177211846397687
2024-01-15,Red Dead Redemption 2,74456,1118218.1646777974,660554.3671786799,83886.81217779772,0.6537500000000002
2024-01-22,Bully,19955,76139.78399999999,30938.349234788377,0.0,0.6150000000000001
2024-01-22,Grand Theft Auto V,99088,1094788.0605490669,604259.4863281831,82970.44554906727,0.6575000000000001
2024-01-22,L.A. Noire,28203,210962.00996749767,116252.72805176032,0.0,0.6227500588302319
2024-01-22,Max Payne 3,23062,132571.9030084204,65758.06244186767,0.0,0.6173196311663829
2024-01-22,Red Dead Redemption 2,73674,1072744.2141823068,629278.2694475239,75205.66118230707,0.6612500000000001
2024-01-29,Bully,20347,79774.86177835778,31759.94907357965,0.0,0.60818259477882
2024-01-29,Grand Theft Auto V,98288,1092120.949908319,602465.079819304,88435.91878211523,0.6603211265568294
2024-01-29,L.A. Noire,26076,198263.70228075382,107851.62236610481,0.0,0.6178772123309366
2024-01-29,Max Payne 3,23186,137809.06599999996,70349.6358812165,0.0,0.6050000000000001
2024-01-29,Red Dead Redemption 2,79338,1152827.7412448628,676215.3620613827,87734.94480499988,0.667568736893459
2024-02-05,Bully,20797,80265.83285116909,33340.589297723076,0.0,0.6128691048490035
2024-02-05,Grand Theft Auto V,93703,1046416.0575987636,577001.6970459361,80995.97159876402,0.6575000000000001
2024-02-05,L.A. Noire,26006,206245.16580918667,114592.72522377907,0.0,0.6041094294507343
2024-02-05,Max Payne 3,24000,139085.655533994,71596.82592049881,0.0,0.6129500263252594
2024-02-05,Red Dead Redemption 2,74704,1077881.0601101746,631803.2012617051,85660.06504417739,0.6680068805177697
2024-02-12,Bully,20164,74135.94050034444,27926.52978739024,0.0,0.6296835506568461
2024-02-12,Grand Theft Auto V,98939,1084067.117032642,595011.7455246827,83138.87103264238,0.6612500000000001
2024-02-12,L.A. Noire,24112,180738.94456579123,97902.71950910368,0.0,0.6231076031905761
2024-02-12,Max Payne 3,24010,140084.54799999995,72048.6808622155,0.0,0.6100000000000001
2024-02-12,Red Dead Redemption 2,72839,1061443.3248509665,622589.2515387844,83074.11946392756,0.6639627978363452
2024-02-19,Bully,19927,76770.1180242652,30833.047777824842,0.0,0.6138704417005648
2024-02-19,Grand Theft Auto V,91322,1013143.4769528355,558914.479325262,75458.9895852828,0.6571133395807742
2024-02-19,L.A. Noire,27217,207271.73283233153,113921.17275758016,0.0,0.6170927320165133
2024-02-19,Max Payne 3,23276,135457.60580010805,67674.21849239968,0.0,0.6116854315757952
2024-02-19,Red Dead Redemption 2,72924,1060240.4391912562,623751.6141160101,73378.84161357481,0.660520130840516
2024-02-26,Bully,18917,67611.91936770713,23223.889139680006,0.0,0.6396608192028892
2024-02-26,Grand Theft Auto V,89592,960829.3541531638,522210.5024294195,75916.2474676018,0.6703195509673077
2024-02-26,L.A. Noire,27305,206653.15960242937,114216.40624242769,0.0,0.6200000060201513
2024-02-26,Max Payne 3,21993,130589.88199999997,65536.78352296175,0.0,0.6050000000000001
2024-02-26,Red Dead Redemption 2,76320,1120175.066632727,659467.6430001403,80976.93113272716,0.6575000000000001
2024-03-04,Bully,20678,79618.38230851559,32774.65132303479,0.0,0.6120270244703365
2024-03-04,Grand Theft Auto V,95427,1042507.8514287733,573938.403388577,91520.45292877362,0.6650000000000001
2024-03-04,L.A. Noire,28369,217587.25644838018,120813.04175975382,0.0,0.6144548407784688
2024-03-04,Max Payne 3,22696,132199.80799999996,67075.8600159202,0.0,0.6100000000000001
2024-03-04,Red Dead Redemption 2,73909,1077243.8666616313,632031.8767926136,68702.06516163165,0.6575000000000001
2024-03-11,Bully,19507,74207.84102533033,29393.3767237705,0.0,0.6195034253619494
2024-03-11,Grand Theft Auto V,100297,1098933.2931852948,608691.5849675521,79954.06618529525,0.6612500000000001
2024-03-11,L.A. Noire,26011,192708.89338052622,104377.27852002326,0.0,0.6324796160253502
2024-03-11,Max Payne 3,23481,131331.33057733218,64202.93270197022,0.0,0.6246385448446541
2024-03-11,Red Dead Redemption 2,78990,1161144.9299468494,683845.6872795449,81876.81444684962,0.6575000000000001
2024-03-18,Bully,20244,77615.48391908291,32218.184310850615,0.0,0.6180908549511901
2024-03-18,Grand Theft Auto V,93038,1006387.6364656456,553629.8672087928,91602.88735851638,0.672289998130986
2024-03-18,L.A. Noire,27083,203896.44224194004,112689.13804577118,0.0,0.623156078335827
2024-03-18,Max Payne 3,23523,138289.437123735,69395.30679975543,0.0,0.6067347833613818
2024-03-18,Red Dead Redemption 2,72520,1046629.7861749682,612905.2333406011,72129.47217496851,0.6650000000000001
2024-03-25,Bully,19172,71891.12577432019,26410.507506869464,0.0,0.6244791468397348
2024-03-25,Grand Theft Auto V,99310,1096390.5781268398,606035.7816828714,88909.51712684029,0.6612500000000001
2024-03-25,L.A. Noire,26210,200727.58599999995,109954.76749145065,0.0,0.6150000000000001
2024-03-25,Max Payne 3,23932,143496.27199999997,74160.81749162408,0.0,0.6000000000000001
2024-03-25,Red Dead Redemption 2,76147,1108009.702715429,649817.7019077374,70854.50720012054,0.6606724862950316
2024-04-01,Bully,19684,78175.49856278556,32447.110710765264,0.0,0.6034250545802509
2024-04-01,Grand Theft Auto V,95263,1038284.845593971,570548.8677432784,80998.04759397138,0.6650000000000001
2024-04-01,L.A. Noire,26290,201710.57639636783,109794.51007365492,0.0,0.6185380601575027
2024-04-01,Max Payne 3,23332,136172.15799999997,68536.0939574217,0.0,0.6100000000000001
2024-04-01,Red Dead Redemption 2,71161,1054181.6528053544,621237.7484086665,74467.03660709599,0.6563087650700192
2024-04-08,Bully,20691,82681.23599999998,35663.00067377806,0.0,0.6000000000000001
2024-04-08,Grand Theft Auto V,90487,985524.8927845021,538614.7561764455,84356.25860009721,0.667874224619062
2024-04-08,L.A. Noire,30282,232752.33791730754,130909.48227178487,0.0,0.6144700759349893
2024-04-08,Max Payne 3,22778,131972.21812208655,66623.36824040311,0.0,0.6143869564184208
2024-04-08,Red Dead Redemption 2,79134,1148835.6575366836,676752.1584239746,79441.073036684,0.6612500000000001
2024-04-15,Bully,19771,77626.06995684728,30955.256815288598,0.0,0.6086755024500111
2024-04-15,Grand Theft Auto V,98987,1089155.5654828397,600866.559922954,94046.6347316895,0.6685056532066225
2024-04-15,L.A. Noire,28488,222887.7002956715,123603.81721448606,0.0,0.6075863485339642
2024-04-15,Max Payne 3,23578,135905.33599999998,69335.19097365388,0.0,0.6150000000000001
2024-04-15,Red Dead Redemption 2,78842,1130982.2189465435,662439.0336441802,79587.67215643535,0.6638432113917996
2024-04-22,Bully,20059,77625.02065080033,32083.4709531592,0.0,0.6122085432355858
2024-04-22,Grand Theft Auto V,94708,1044394.1040808727,572800.2430968907,79387.88008087307,0.6650000000000001
2024-04-22,L.A. Noire,26573,211150.8707290545,115656.17596029109,0.0,0.602510402839365
2024-04-22,Max Payne 3,24170,139849.62281041316,69842.14483372195,0.0,0.6162256755777986
2024-04-22,Red Dead Redemption 2,74892,1123625.2377049243,662463.2806107756,75399.35970492473,0.6500000000000001
2024-04-29,Bully,19036,71804.65239576038,27205.996290990985,0.0,0.6227220691860762
2024-04-29,Grand Theft Auto V,96631,1067078.350191767,588938.5179574897,90659.43169176747,0.6612500000000001
2024-04-29,L.A. Noire,28341,221237.32599999994,122619.37265785623,0.0,0.6100000000000001
2024-04-29,Max Payne 3,25226,149228.44799999997,77694.3394869114,0.0,0.6050000000000001
2024-04-29,Red Dead Redemption 2,78580,1139486.3789814399,669269.2803602046,83946.18629821223,0.66421546897003
2024-05-06,Bully,20854,81416.50199999998,32752.049085038394,0.0,0.6100000000000001
2024-05-06,Grand Theft Auto V,100447,1105077.807287592,608745.296594192,82050.58971648265,0.6600657141938183
2024-05-06,L.A. Noire,27003,202785.07841658164,108648.68220144874,0.0,0.6236397481292891
2024-05-06,Max Payne 3,25585,148503.67309235758,76373.02228391658,0.0,0.612293035211238
2024-05-06,Red Dead Redemption 2,78625,1154269.8640063815,681204.2921898846,78058.40127122393,0.6567465881559442
2024-05-13,Bully,21695,85602.31199999998,35632.59735498651,0.0,0.6050000000000001
2024-05-13,Grand Theft Auto V,92984,1028912.8165176831,565057.4272304999,86698.99251768344,0.6612500000000001
2024-05-13,L.A. Noire,27548,220273.80799999993,123019.94229478439,0.0,0.6000000000000001
2024-05-13,Max Payne 3,24193,142069.420667313,71383.87265768222,0.0,0.6090586339519017
2024-05-13,Red Dead Redemption 2,79781,1174484.103571582,691078.4931081211,86334.20907158227,0.6575000000000001
2024-05-20,Bully,21617,84801.18427901037,36596.27179934002,0.0,0.6077223160457503
2024-05-20,Grand Theft Auto V,105868,1192198.1304661133,660318.0680649439,94814.54696611366,0.6537500000000002
2024-05-20,L.A. Noire,30505,232447.71799999994,128942.40839421458,0.0,0.6200000000000001
2024-05-20,Max Payne 3,25791,154642.83599999995,80103.6642365254,0.0,0.6000000000000001
2024-05-20,Red Dead Redemption 2,81035,1197910.2998472692,705697.5673744209,84062.83134726963,0.6575000000000001
2024-05-27,Bully,20536,79761.50556306128,30392.243446329267,0.0,0.6148632488732454
2024-05-27,Grand Theft Auto V,109309,1207383.216374846,665608.9852370273,92209.0429559638,0.6608426047552628
2024-05-27,L.A. Noire,30735,245757.05999999994,136252.6498042593,0.0,0.6000000000000001
2024-05-27,Max Payne 3,25802,150938.459020283,76288.83585943222,0.0,0.6084657697157927
2024-05-27,Red Dead Redemption 2,81942,1182217.037017865,692534.8881126369,79915.29146575827,0.6633259631863899
2024-06-03,Bully,20627,79432.48799999998,29523.890465270753,0.0,0.6100000000000001
2024-06-03,Grand Theft Auto V,109930,1232637.2224386241,682021.012569075,98397.42843862457,0.6575000000000001
2024-06-03,L.A. Noire,30047,233970.23935877476,130780.04239718965,0.0,0.6137164631492957
2024-06-03,Max Payne 3,26216,148107.2811817176,73666.26418331648,0.0,0.6190269252720808
2024-06-03,Red Dead Redemption 2,84675,1206147.075549962,708666.7549901375,86331.90020697143,0.6665573571524732
2024-06-10,Bully,24340,92552.97893716235,39880.69798049246,0.0,0.6222996976984326
2024-06-10,Grand Theft Auto V,113982,1252022.2553719175,691793.0748377192,96596.0258719179,0.6612500000000001
2024-06-10,L.A. Noire,31685,245421.22799999994,136130.66938128605,0.0,0.6100000000000001
2024-06-10,Max Payne 3,26503,157544.89999999997,81757.99971212223,0.0,0.6050000000000001
2024-06-10,Red Dead Redemption 2,81413,1171713.4736144491,687081.4305732044,83917.49061444945,0.6650000000000001
2024-06-17,Bully,22015,84583.21010108304,34067.80102569253,0.0,0.6137958424861318
2024-06-17,Grand Theft Auto V,116699,1270829.791145195,699834.3773193236,95256.2796451954,0.6650000000000001
2024-06-17,L.A. Noire,32353,237326.5365701085,129954.00699294836,0.0,0.6303782515412231
2024-06-17,Max Payne 3,28049,159424.0714863824,81524.69990973748,0.0,0.6193615689325166
2024-06-17,Red Dead Redemption 2,85758,1272847.0781554813,748971.9747793002,85090.09165548166,0.6537500000000002
2024-06-24,Bully,23107,86458.57017975523,34241.876770704956,0.0,0.6220941882437717
2024-06-24,Grand Theft Auto V,112158,1250607.350419297,692020.9655961405,101969.35741929748,0.6575000000000001
2024-06-24,L.A. Noire,31167,246145.65685703888,137413.7004839146,0.0,0.6058380438143413
2024-06-24,Max Payne 3,26814,159093.0202173386,81438.13834077049,0.0,0.6039439302762267
2024-06-24,Red Dead Redemption 2,89152,1346477.9324051908,796170.3780104617,98661.96440519122,0.6500000000000001
2024-07-01,Bully,22453,88891.86963756902,34852.68106803152,0.0,0.6034981040064937
2024-07-01,Grand Theft Auto V,105126,1143408.6295406672,626472.3110971117,93575.72868138883,0.664092943034741
2024-07-01,L.A. Noire,31832,248982.55415353907,139324.6923774758,0.0,0.6076348543223997
2024-07-01,Max Payne 3,27862,153648.55673198667,76136.0866067724,0.0,0.6291893366800595
2024-07-01,Red Dead Redemption 2,93978,1337144.2256895679,782661.6566017052,94255.02568956833,0.6687500000000001
2024-07-08,Bully,24092,96271.63199999998,40042.739487077306,0.0,0.6000000000000001
2024-07-08,Grand Theft Auto V,122959,1337990.871703795,739203.3089739884,103569.4827037955,0.6650000000000001
2024-07-08,L.A. Noire,32130,244044.08112362877,136709.9226297833,0.0,0.6225151786948586
2024-07-08,Max Payne 3,28066,164665.24556897447,84610.54845507669,0.0,0.6125037691016382
2024-07-08,Red Dead Redemption 2,89003,1300374.9771318114,764109.2916744277,103370.30313181171,0.6650000000000001
2024-07-15,Bully,24167,95701.1908159329,40714.89345084188,0.0,0.603860869664288
2024-07-15,Grand Theft Auto V,106509,1210243.2836940852,669533.8839778668,104700.92069408573,0.6537500000000002
2024-07-15,L.A. Noire,31320,234638.0024291241,127747.10114163416,0.0,0.6234559209074273
2024-07-15,Max Payne 3,27269,161406.32399999996,82728.84330431592,0.0,0.6050000000000001
2024-07-15,Red Dead Redemption 2,89562,1331732.0241261995,785244.0536469239,91980.03962619996,0.6537500000000002
2024-07-22,Bully,22173,87399.82197768388,34868.62083851073,0.0,0.604978060797641
2024-07-22,Grand Theft Auto V,110659,1226315.0541535183,675959.9319917809,113065.26115351869,0.6650000000000001
2024-07-22,L.A. Noire,30745,237482.9463817112,130450.72857632014,0.0,0.6160952376905596
2024-07-22,Max Payne 3,29139,171551.64409814292,88904.18830111375,0.0,0.6076118285499377
2024-07-22,Red Dead Redemption 2,84554,1213297.2696689542,710529.8908008181,82665.9981689546,0.6650000000000001
2024-07-29,Bully,20736,79965.95399999998,29925.99847626515,0.0,0.6150000000000001
2024-07-29,Grand Theft Auto V,113878,1227076.0427977156,672305.593763416,112584.66379771598,0.6725000000000001
2024-07-29,L.A. Noire,30748,239666.8236144099,132529.41102357418,0.0,0.6084131289415412
2024-07-29,Max Payne 3,25901,152030.11735718546,76410.98030519648,0.0,0.6110027410033659
2024-07-29,Red Dead Redemption 2,89057,1271343.899410997,744630.1115451168,91362.96841099735,0.6687500000000001
2024-08-05,Bully,22134,87076.83599999998,35590.76641133397,0.0,0.6050000000000001
2024-08-05,Grand Theft Auto V,108463,1191808.2250330134,654748.4610211228,102906.6512173858,0.6686699891025002
2024-08-05,L.A. Noire,32422,243291.96778668574,135347.98726635487,0.0,0.6242626672090209
2024-08-05,Max Payne 3,27186,155007.21341596905,78529.65913253196,0.0,0.6185334092823211
2024-08-05,Red Dead Redemption 2,91436,1299929.4427420788,761834.3821740535,90755.71848744487,0.6675532375721572
2024-08-12,Bully,22455,87823.10822247536,36088.141949179524,0.0,0.6076367552016764
2024-08-12,Grand Theft Auto V,107788,1201512.1778614782,663355.0322984795,90030.29536147851,0.6537500000000002
2024-08-12,L.A. Noire,31907,243334.27199999994,134648.0596797832,0.0,0.6200000000000001
2024-08-12,Max Payne 3,25002,136565.3758773921,65318.94091475178,0.0,0.6293806950715828
2024-08-12,Red Dead Redemption 2,76056,1077030.5483108838,629250.6554014876,66266.23636426672,0.6666164870930401
2024-08-19,Bully,22005,84723.19199999998,34034.92673520428,0.0,0.6150000000000001
2024-08-19,Grand Theft Auto V,103431,1123687.8055006734,612343.8446115047,88328.69953569976,0.6703752675573409
2024-08-19,L.A. Noire,30189,233746.76510325205,129276.42250883271,0.0,0.612823788489552
2024-08-19,Max Payne 3,26908,157929.3105974346,80531.77541638786,0.0,0.6078291440442642
2024-08-19,Red Dead Redemption 2,76526,1133390.6584557493,666827.1139736095,87491.25539753285,0.6566583236660579
2024-08-26,Bully,21462,84054.94372301838,35189.967904954174,0.0,0.6075396547917402
2024-08-26,Grand Theft Auto V,102784,1148309.0110995434,632306.747024839,101443.1719144879,0.6574899362017701
2024-08-26,L.A. Noire,29609,210660.72368257353,114386.41229898871,0.0,0.6417615337264478
2024-08-26,Max Payne 3,26501,146266.35926379068,73694.54788334631,0.0,0.6289490588225415
2024-08-26,Red Dead Redemption 2,71959,1089655.7646308024,643939.6554805049,87154.45263080276,0.6537500000000002
2024-09-02,Bully,21001,80557.01748711822,33916.5344424917,0.0,0.6147369622220642
2024-09-02,Grand Theft Auto V,100008,1090456.5484755796,598661.607177543,85959.49247558002,0.6650000000000001
2024-09-02,L.A. Noire,26891,212985.76541156968,117352.88442908098,0.0,0.6035341813066781
2024-09-02,Max Payne 3,23611,133040.1729824506,64549.61543064161,0.0,0.6243610714855133
2024-09-02,Red Dead Redemption 2,86542,1290354.9078897284,761161.221929697,91462.70588972872,0.6537500000000002
2024-09-09,Bully,20738,81729.80426039525,34065.65654320394,0.0,0.6077360259289686
2024-09-09,Grand Theft Auto V,105991,1210608.4060120783,675085.5902146474,98073.87451207865,0.6500000000000001
2024-09-09,L.A. Noire,28676,228244.25880954252,126359.76906825315,0.0,0.6041386513069524
2024-09-09,Max Payne 3,23831,130817.13733227487,63200.83486521514,0.0,0.630195886222777
2024-09-09,Red Dead Redemption 2,81532,1183281.4340259011,694945.6949030228,90772.5579136592,0.6638314072664661
2024-09-16,Bully,21887,81738.08307986321,33592.56585410475,0.0,0.6244768630765878
2024-09-16,Grand Theft Auto V,104105,1147439.057033666,631906.2757743724,84798.9891329926,0.6604892454603764
2024-09-16,L.A. Noire,31145,238812.97183553866,133337.32595486415,0.0,0.6147664858232752
2024-09-16,Max Payne 3,25205,145813.82896678854,74451.44730962958,0.0,0.613983626196808
2024-09-16,Red Dead Redemption 2,78984,1145108.0767913081,672107.8731077184,81088.99852673503,0.6648258099322815
2024-09-23,Bully,20559,79366.55399999997,30329.294136869918,0.0,0.6150000000000001
2024-09-23,Grand Theft Auto V,108387,1191310.4920209746,659425.7808848429,89038.7520274818,0.6612261269437647
2024-09-23,L.A. Noire,29209,220084.7206335636,121911.69534218856,0.0,0.6215270136610498
2024-09-23,Max Payne 3,24508,138466.02525333664,68418.78009394038,0.0,0.6214198713200421
2024-09-23,Red Dead Redemption 2,81773,1190480.4852757186,697614.962794979,78979.64469314534,0.6607720998319411
2024-09-30,Bully,21213,83414.50199999998,32790.1729963642,0.0,0.6050000000000001
2024-09-30,Grand Theft Auto V,105361,1150453.6291697442,630103.2538785789,85637.90030184758,0.6638752582127215
2024-09-30,L.A. Noire,29449,228822.00603841626,125721.70074012296,0.0,0.6144169495947734
2024-09-30,Max Payne 3,26118,150886.34199999998,75117.78027013493,0.0,0.6150000000000001
2024-09-30,Red Dead Redemption 2,84550,1243066.1643981081,730352.1277581432,91461.34593109155,0.6603215815053078
2024-10-07,Bully,22334,86771.14199999998,36185.23248581243,0.0,0.6100000000000001
2024-10-07,Grand Theft Auto V,99556,1112690.2915893698,611911.3762755886,81907.00058937022,0.6537500000000002
2024-10-07,L.A. Noire,29126,206181.82859659064,110988.37227283765,0.0,0.6417968875406614
2024-10-07,Max Payne 3,26888,149564.6682576227,75056.75660107649,0.0,0.626866329952579
2024-10-07,Red Dead Redemption 2,80147,1175663.4834096632,691683.6682815573,92822.67311257366,0.6604475548242565
2024-10-14,Bully,23454,91967.69442821873,37897.21620899151,0.0,0.6088788879500453
2024-10-14,Grand Theft Auto V,113221,1249180.4463351313,692198.474225595,101215.7288351317,0.6612500000000001
2024-10-14,L.A. Noire,31889,250902.48599999995,140001.69576703644,0.0,0.6050000000000001
2024-10-14,Max Payne 3,26813,152496.26799999995,77376.81240298312,0.0,0.6200000000000001
2024-10-14,Red Dead Redemption 2,82328,1207721.1717032038,709741.0968058882,74144.63670320415,0.6575000000000001
2024-10-21,Bully,24138,90037.37882409693,36171.93263578426,0.0,0.6249004379208536
2024-10-21,Grand Theft Auto V,118027,1342757.5189464923,747481.5814676288,116199.50794649283,0.6537500000000002
2024-10-21,L.A. Noire,32255,249214.1109054708,139537.3968355166,0.0,0.6163990508237853
2024-10-21,Max Payne 3,27599,158444.0028733005,80510.07212690524,0.0,0.6168399924332596
2024-10-21,Red Dead Redemption 2,90135,1271094.6075880602,742265.7398349467,91129.17011013493,0.6719421453208863
2024-10-28,Bully,23840,89720.50040049198,35100.02541628384,0.0,0.6272759638004948
2024-10-28,Grand Theft Auto V,121762,1327650.4525839675,730264.9986950326,106472.28773660019,0.6644745478724869
2024-10-28,L.A. Noire,33191,252765.55399999995,138547.4694723506,0.0,0.6200000000000001
2024-10-28,Max Payne 3,29664,167944.79171978935,85133.55593231278,0.0,0.6240566675020904
2024-10-28,Red Dead Redemption 2,93617,1389080.911540213,817895.2006256809,98661.59704021344,0.6537500000000002
2024-11-04,Bully,26550,104711.18399999998,44682.550026266916,0.0,0.6050000000000001
2024-11-04,Grand Theft Auto V,125616,1438541.3384593942,800107.3727799553,120012.99445939477,0.6500000000000001
2024-11-04,L.A. Noire,34190,256269.68433472695,142012.7172039816,0.0,0.6240466675176085
2024-11-04,Max Payne 3,28955,173614.17999999996,86824.77851026165,0.0,0.6000000000000001
2024-11-04,Red Dead Redemption 2,91716,1360613.0212568967,802553.3301349648,91899.47309951848,0.6536907232525496
2024-11-11,Bully,26241,101326.87711868667,39657.95148442453,0.0,0.6128929378517756
2024-11-11,Grand Theft Auto V,126175,1412069.2145461398,784458.0005223989,114106.51304614027,0.6575000000000001
2024-11-11,L.A. Noire,36934,287325.5890158665,160354.9026215101,0.0,0.6123993704026047
2024-11-11,Max Payne 3,30373,180336.0062810055,91868.48172258401,0.0,0.603099668601257
2024-11-11,Red Dead Redemption 2,102763,1484797.4568907518,871939.0030624482,114606.09039075216,0.6650000000000001
2024-11-18,Bully,25927,101975.92199999998,40472.47466127015,0.0,0.6050000000000001
2024-11-18,Grand Theft Auto V,131034,1442520.3672800013,794593.7168160675,128202.6192800019,0.6650000000000001
2024-11-18,L.A. Noire,37062,286056.24446196045,158342.81092664498,0.0,0.6134451489388326
2024-11-18,Max Payne 3,31610,179343.35799999995,90491.68102005447,0.0,0.6200000000000001
2024-11-18,Red Dead Redemption 2,95239,1383477.3877327703,812714.7654796656,96931.08845771577,0.6600897696430709
2024-11-25,Bully,26797,98243.18578562468,38909.09222064429,0.0,0.6301719766793823
2024-11-25,Grand Theft Auto V,135702,1529142.645081147,850231.1911515166,119798.58308114759,0.6537500000000002
2024-11-25,L.A. Noire,37151,285837.74370125734,158431.99975202722,0.0,0.6137963041647506
2024-11-25,Max Payne 3,30618,182113.50999999995,91931.39256996998,0.0,0.6050000000000001
2024-11-25,Red Dead Redemption 2,96579,1390295.9191600215,814992.4548272834,94042.2291465265,0.6630377517685653
2024-12-02,Bully,27670,105516.06942471332,42859.786947931134,0.0,0.6177556480205658
2024-12-02,Grand Theft Auto V,126185,1410276.0938076833,778916.1989500915,124610.79180768393,0.6612500000000001
2024-12-02,L.A. Noire,38318,278294.553474782,152263.08212768935,0.0,0.6347332276953367
2024-12-02,Max Payne 3,32025,189044.14197636678,97890.30333006708,0.0,0.6057966864511523
2024-12-02,Red Dead Redemption 2,98516,1442113.036788996,848409.7335644584,102146.11228899639,0.6612500000000001
2024-12-09,Bully,27287,104733.31739569109,43838.93215486255,0.0,0.6176721696654701
2024-12-09,Grand Theft Auto V,135549,1509503.5106276637,835272.0147734929,126088.80262766422,0.6612500000000001
2024-12-09,L.A. Noire,35825,276876.822723132,152429.16434781486,0.0,0.6134165271709147
2024-12-09,Max Payne 3,30228,165906.61750274652,79996.13442984458,0.0,0.6279607536733706
2024-12-09,Red Dead Redemption 2,97141,1419043.5201587656,834803.9679257252,102268.01325244269,0.6610964734572488
2024-12-16,Bully,26394,102537.11104826265,42991.64798293897,0.0,0.6099704167974743
2024-12-16,Grand Theft Auto V,127952,1335190.400711262,727968.7621811228,111581.90621126247,0.68
2024-12-16,L.A. Noire,34502,267003.4663189043,148158.3028640613,0.0,0.6126475109928953
2024-12-16,Max Payne 3,29012,166811.71799999996,82802.73342627533,0.0,0.6150000000000001
2024-12-16,Red Dead Redemption 2,90932,1331957.704672247,781881.6650049025,91379.92667224734,0.6612500000000001
2024-12-23,Bully,25934,98505.42879928496,41372.67721390761,0.0,0.6178895180327048
2024-12-23,Grand Theft Auto V,118172,1257381.8106436047,689484.719144624,116152.94439502906,0.6790162782283433
2024-12-23,L.A. Noire,35016,265183.8559505989,146706.94133766813,0.0,0.6216590752075836
2024-12-23,Max Payne 3,29158,170196.45999999996,87014.11931995054,0.0,0.6150000000000001
2024-12-23,Red Dead Redemption 2,92546,1348166.917756992,790570.4128117234,81879.56875699224,0.6612500000000001
2024-12-30,Bully,19170,74833.68782071781,30732.067917230786,0.0,0.6076008412515085
2024-12-30,Grand Theft Auto V,92202,1038803.9392380175,572074.8992213167,86311.34360001308,0.6564568591657775
2024-12-30,L.A. Noire,25468,180651.21018396373,96868.6183686738,0.0,0.6414453304306064
2024-12-30,Max Payne 3,24715,142228.3665462013,72941.96146243298,0.0,0.6140039293008883
2024-12-30,Red Dead Redemption 2,72290,1063574.7700076478,625110.0864653797,70093.20250764803,0.6575000000000001
2025-01-06,Bully,20743,81684.23399999998,34697.51206384371,0.0,0.6050000000000001
2025-01-06,Grand Theft Auto V,94576,1048058.9015594398,577335.9114431073,78428.21955944027,0.6575000000000001
2025-01-06,L.A. Noire,25633,189460.37926171586,101335.98206189093,0.0,0.6280808041255469
2025-01-06,Max Payne 3,23300,137557.23399999997,70347.03168559399,0.0,0.6050000000000001
2025-01-06,Red Dead Redemption 2,75296,1085308.2408125107,635129.1965974718,75790.74146409458,0.6643302763374025
2025-01-13,Bully,19047,73836.45998944937,29441.093409626264,0.0,0.6110860677420954
2025-01-13,Grand Theft Auto V,97454,1092440.2050428586,605913.0488492488,79766.37554285911,0.6537500000000002
2025-01-13,L.A. Noire,26565,209769.6571196118,117423.98045702121,0.0,0.604913457621062
2025-01-13,Max Payne 3,24366,142421.54177256452,72228.03021377421,0.0,0.608903918856553
2025-01-13,Red Dead Redemption 2,71530,1041928.8827386118,610620.1894403601,66816.72173861203,0.6612500000000001
2025-01-20,Bully,20398,79406.48362425054,33301.81112184183,0.0,0.6085340271447273
2025-01-20,Grand Theft Auto V,97931,1071990.5274119417,591142.3651836348,87712.1956263636,0.6647884657716816
2025-01-20,L.A. Noire,27857,217785.84328423766,121555.79986017446,0.0,0.6080353488673709
2025-01-20,Max Payne 3,22696,125823.27935940523,62112.526297033226,0.0,0.6343950668355316
2025-01-20,Red Dead Redemption 2,74807,1068127.6544327803,626945.1894779184,72282.67793278059,0.6650000000000001
2025-01-27,Bully,19879,77580.32505079443,32363.605397827356,0.0,0.6077414251647165
2025-01-27,Grand Theft Auto V,92902,1027069.6701369698,566130.2737190448,84133.08713697016,0.6612500000000001
2025-01-27,L.A. Noire,27638,215255.02766000954,119988.01387097062,0.0,0.6117531521713094
2025-01-27,Max Payne 3,23429,135505.4331754354,67903.65273337645,0.0,0.6123425992447765
2025-01-27,Red Dead Redemption 2,69695,978588.2818076855,569946.4776948617,64588.62031148458,0.6713574219316315
2025-02-03,Bully,20398,78765.15599999999,32459.510696140434,0.0,0.6150000000000001
2025-02-03,Grand Theft Auto V,97786,1068372.4296754845,590136.4467044554,87183.86841460274,0.6680306090808927
2025-02-03,L.A. Noire,26758,198548.67599999995,107336.6735590395,0.0,0.6300000000000001
2025-02-03,Max Payne 3,24803,145064.0872144567,73913.5815391196,0.0,0.6096438564746144
2025-02-03,Red Dead Redemption 2,78668,1159544.1115070882,683581.5228120512,80757.87550708848,0.6575000000000001
2025-02-10,Bully,20630,78687.23399999998,31885.6740134206,0.0,0.6200000000000001
2025-02-10,Grand Theft Auto V,98727,1077891.321098043,593847.369657236,87717.48909804325,0.6650000000000001
2025-02-10,L.A. Noire,26693,207248.22501425445,115118.41802299937,0.0,0.6146155516789189
2025-02-10,Max Payne 3,24029,132574.3911259218,66796.49667744942,0.0,0.6294373703874035
2025-02-10,Red Dead Redemption 2,74113,1030969.2970947691,600261.6913410112,70740.52954598388,0.6736769265505298
2025-02-17,Bully,20708,81464.45399999998,34728.504250285034,0.0,0.6050000000000001
2025-02-17,Grand Theft Auto V,90113,1016794.976347272,561875.8366750942,83157.1032803644,0.65348284111356
2025-02-17,L.A. Noire,27760,219074.40799999994,122179.0867990178,0.0,0.6050000000000001
2025-02-17,Max Payne 3,22539,133193.59584980426,66463.7494866823,0.0,0.6095404866624026
2025-02-17,Red Dead Redemption 2,73776,1080839.272709037,636016.4968879644,71771.6027090373,0.6575000000000001
2025-02-24,Bully,19474,76195.72799999999,30583.126657383382,0.0,0.6100000000000001
2025-02-24,Grand Theft Auto V,98881,1100784.2167482493,609559.2896332233,89815.85290490893,0.6600153472517675
2025-02-24,L.A. Noire,26642,210670.52416534274,117415.14508006365,0.0,0.6034224012160623
2025-02-24,Max Payne 3,22362,132196.80999999997,66653.52260968655,0.0,0.6050000000000001
2025-02-24,Red Dead Redemption 2,75799,1074043.6260704435,628471.2792059198,74973.7556056751,0.6677074817759086
2025-03-03,Bully,20147,77254.03068334106,31759.73588164117,0.0,0.6170654431301542
2025-03-03,Grand Theft Auto V,100963,1121674.1810220699,623766.9564644824,87431.54352207026,0.6575000000000001
2025-03-03,L.A. Noire,26582,207048.42399999994,114700.8654523355,0.0,0.6150000000000001
2025-03-03,Max Payne 3,21476,123854.51878990809,61095.14637699829,0.0,0.6185308159018732
2025-03-03,Red Dead Redemption 2,75252,1108318.9254309356,650662.5026718951,79204.26843093592,0.6612500000000001
2025-03-10,Bully,19456,76721.77474820203,31106.553733499353,0.0,0.6047561534252154
2025-03-10,Grand Theft Auto V,96457,1075617.7909952037,594222.2408401421,88780.34649520415,0.6575000000000001
2025-03-10,L.A. Noire,27007,206490.04091872636,112825.4389693528,0.0,0.6148127504570754
2025-03-10,Max Payne 3,22116,128149.2253168579,63876.65985467014,0.0,0.6137899284797976
2025-03-10,Red Dead Redemption 2,76121,1133499.5036941427,668206.3124618419,75893.97119414312,0.6537500000000002
2025-03-17,Bully,18819,72320.61296728312,27027.195734218276,0.0,0.6155316094435211
2025-03-17,Grand Theft Auto V,88475,972659.8988895329,530043.6005442136,79020.87788953324,0.6650000000000001
2025-03-17,L.A. Noire,28072,214669.33443739914,118955.21152015263,0.0,0.6205408216510214
2025-03-17,Max Payne 3,23876,139973.62199999997,72729.53197559119,0.0,0.6100000000000001
2025-03-17,Red Dead Redemption 2,73473,1071369.0231877298,628713.7061445308,69742.93205478595,0.6573390192076143
2025-03-24,Bully,18788,74103.82199999999,29245.768623682463,0.0,0.6050000000000001
2025-03-24,Grand Theft Auto V,90488,996548.3484797531,546723.0578611926,84426.84891247936,0.6647315798782079
2025-03-24,L.A. Noire,26373,206229.49934626583,113571.06163664637,0.0,0.6099433506603471
2025-03-24,Max Payne 3,23091,133579.4462286707,65576.21367008695,0.0,0.6148976226680346
2025-03-24,Red Dead Redemption 2,73136,1042336.5068473474,611577.6800183636,66718.4723473477,0.6650000000000001
2025-03-31,Bully,20731,80545.08959687024,31780.95708557734,0.0,0.6111032319873551
2025-03-31,Grand Theft Auto V,94083,1053836.325585168,581617.5760892708,84676.99393278793,0.6571185694833404
2025-03-31,L.A. Noire,27500,213579.73819887717,117023.32805508045,0.0,0.6137392185869994
2025-03-31,Max Payne 3,23471,138346.27539531855,70563.07260543996,0.0,0.6082127470322012
2025-03-31,Red Dead Redemption 2,69393,998179.8012878455,583198.2768385358,66768.71228784574,0.6650000000000001
2025-04-07,Bully,18886,71975.1613338785,27271.44943415357,0.0,0.6175138886215914
2025-04-07,Grand Theft Auto V,94634,1042881.3927905756,577718.8718632924,92833.32828678911,0.6637134085624619
2025-04-07,L.A. Noire,25849,199228.7677851203,109174.2852384873,0.0,0.61361700643829
2025-04-07,Max Payne 3,24825,140628.589927172,71143.51899429766,0.0,0.6230135148894774
2025-04-07,Red Dead Redemption 2,74476,1100972.6690251194,647503.3300310443,84122.94502511984,0.6575000000000001
2025-04-14,Bully,20124,75785.53249030827,30429.81788548746,0.0,0.6196121770041578
2025-04-14,Grand Theft Auto V,95268,1062416.289970038,585431.2742421936,87608.4079438198,0.661071390002789
2025-04-14,L.A. Noire,25931,195767.1698665117,105046.80039580802,0.0,0.6208601226778725
2025-04-14,Max Payne 3,23841,141820.38999999996,72331.12396373053,0.0,0.6050000000000001
2025-04-14,Red Dead Redemption 2,77015,1127064.6276766271,662304.6777224999,73807.0994713818,0.6570876428650353
2025-04-21,Bully,21377,81621.5933720757,34441.45159780132,0.0,0.6202685593913579
2025-04-21,Grand Theft Auto V,105903,1162402.728203048,643750.1043565023,103550.29670304853,0.6687500000000001
2025-04-21,L.A. Noire,28842,216000.89388815145,119591.15159438294,0.0,0.6248577138270477
2025-04-21,Max Payne 3,21803,130730.78799999997,65154.70796430845,0.0,0.6000000000000001
2025-04-21,Red Dead Redemption 2,77160,1123789.891961211,661158.3366711247,79229.09746121147,0.6612500000000001
2025-04-28,Bully,20643,80851.0017442199,32290.560833264775,0.0,0.6092269773625841
2025-04-28,Grand Theft Auto V,98233,1080768.8697325399,592613.445590765,93836.15294270826,0.6646032244369304
2025-04-28,L.A. Noire,27038,208855.51999999993,114798.47864859004,0.0,0.6150000000000001
2025-04-28,Max Payne 3,23431,134897.58860429926,67107.47362343874,0.0,0.6132195325050869
2025-04-28,Red Dead Redemption 2,75458,1118007.5280417532,658658.6894613255,74084.57404175348,0.6537500000000002
2025-05-05,Bully,20575,78433.65000944972,32641.744598396377,0.0,0.6183688307444686
2025-05-05,Grand Theft Auto V,100601,1118445.1298882551,620272.752596055,82326.89738358818,0.6563329831097369
2025-05-05,L.A. Noire,26451,200671.75258722165,109932.52985238122,0.0,0.6240634610198139
2025-05-05,Max Payne 3,24662,139982.59189466797,70423.26116308282,0.0,0.6194486441167734
2025-05-05,Red Dead Redemption 2,81033,1221479.177509269,721708.3075523878,87300.79300926931,0.6500000000000001
2025-05-12,Bully,22729,86577.3933811278,36422.38477189778,0.0,0.6173069969738442
2025-05-12,Grand Theft Auto V,98637,1091955.0149051193,603719.3770357444,92532.26690511979,0.6612500000000001
2025-05-12,L.A. Noire,29607,228032.77627293247,125778.1398869776,0.0,0.613524456942891
2025-05-12,Max Payne 3,26264,150931.5916036372,76031.21785673406,0.0,0.6162185293189012
2025-05-12,Red Dead Redemption 2,75372,1079424.6297893508,632788.6980277564,72582.40328935106,0.6650000000000001
2025-05-19,Bully,21277,80184.71984224275,31128.04268536635,0.0,0.6243343638550296
2025-05-19,Grand Theft Auto V,106386,1157436.7800891455,640386.798545553,90284.27384530498,0.6645497625213858
2025-05-19,L.A. Noire,28632,221226.43248903143,121123.95797891667,0.0,0.6130428132553294
2025-05-19,Max Payne 3,26180,149264.50500991964,76719.86562499798,0.0,0.6206913091586704
2025-05-19,Red Dead Redemption 2,80321,1159762.9501162295,679966.5197140856,83175.33467101294,0.6645942967524533
2025-05-26,Bully,20608,78220.0764010334,31304.41507107504,0.0,0.6227640639538603
2025-05-26,Grand Theft Auto V,106303,1147792.5908271808,630823.8062576781,104171.44792183577,0.6711757480375042
2025-05-26,L.A. Noire,28145,211767.92101971025,116509.11740348645,0.0,0.6248534180996711
2025-05-26,Max Payne 3,24646,142223.2488041523,71516.9187589544,0.0,0.6188396925003699
2025-05-26,Red Dead Redemption 2,83613,1229561.9888611413,723630.2302743813,72115.4228611417,0.6537500000000002
2025-06-02,Bully,21755,85419.03646766693,35989.87817825881,0.0,0.6091633021848532
2025-06-02,Grand Theft Auto V,115421,1307423.1102563054,730077.6052367841,105492.88725630601,0.6537500000000002
2025-06-02,L.A. Noire,31085,240135.87199999994,132316.3553780567,0.0,0.6150000000000001
2025-06-02,Max Payne 3,26092,153079.417208551,76577.73597734926,0.0,0.6094843531473404
2025-06-02,Red Dead Redemption 2,74318,1075563.6949093358,631261.4982437999,62323.068409336,0.6575000000000001
2025-06-09,Bully,21883,84308.29451918384,32468.216005246046,0.0,0.6155295087243564
2025-06-09,Grand Theft Auto V,118113,1309362.3023885041,726381.3696310762,96526.21588850475,0.6575000000000001
2025-06-09,L.A. Noire,28906,226583.83707023793,125698.58962939164,0.0,0.612200526794685
2025-06-09,Max Payne 3,25968,151625.33497224023,77107.66024826473,0.0,0.611949816997924
2025-06-09,Red Dead Redemption 2,81879,1202564.3538115118,707318.0371011781,81720.63481151222,0.6575000000000001
2025-06-16,Bully,23493,89004.90693837169,35595.58521609676,0.0,0.6211579815174606
2025-06-16,Grand Theft Auto V,107398,1204118.803618427,665888.8167429194,90081.77311842729,0.6537500000000002
2025-06-16,L.A. Noire,32617,260805.53199999992,145495.25540922894,0.0,0.6000000000000001
2025-06-16,Max Payne 3,27001,157607.85799999995,80071.58209253525,0.0,0.6100000000000001
2025-06-16,Red Dead Redemption 2,80437,1151350.0343238253,671260.2808790508,70214.38582382555,0.6650000000000001
2025-06-23,Bully,24235,92700.28256286737,38118.82488489944,0.0,0.6167669842243323
2025-06-23,Grand Theft Auto V,107541,1219733.5746665571,675353.5487434523,99242.69616655754,0.6537500000000002
2025-06-23,L.A. Noire,31902,245523.93987617953,135249.99075190228,0.0,0.6178520148781781
2025-06-23,Max Payne 3,27777,157572.74954240452,79074.9339239145,0.0,0.6211411171269595
2025-06-23,Red Dead Redemption 2,80512,1147354.3326032532,670028.9072911026,80434.40752273113,0.6680027338973085
2025-06-30,Bully,22095,85876.47837252577,34335.91255321098,0.0,0.6115487426283228
2025-06-30,Grand Theft Auto V,119622,1355180.749266122,753347.3762923477,113875.1584489769,0.6569848338056787
2025-06-30,L.A. Noire,32220,239624.62609807187,131398.0701696617,0.0,0.6267464787530048
2025-06-30,Max Payne 3,27481,162633.90545304632,82240.48783003766,0.0,0.6079753985650757
2025-06-30,Red Dead Redemption 2,87052,1266832.9984681956,743064.2964640998,75666.86446819603,0.6575000000000001
2025-07-07,Bully,23910,89144.3143387339,33785.89092713821,0.0,0.6245652755482534
2025-07-07,Grand Theft Auto V,114204,1212684.035715923,661891.0682360245,101654.24994427865,0.6751971364372339
2025-07-07,L.A. Noire,34475,260749.55999999994,144576.85498090833,0.0,0.6200000000000001
2025-07-07,Max Payne 3,27906,163375.4062357139,83697.6848663102,0.0,0.6094224105011923
2025-07-07,Red Dead Redemption 2,84577,1232161.7920111094,722479.5816121851,82427.29751110967,0.6612500000000001
2025-07-14,Bully,23677,90486.51874812727,34865.70737278201,0.0,0.6195376865996094
2025-07-14,Grand Theft Auto V,117133,1307379.65197157,726697.8707666438,105635.36697157058,0.6575000000000001
2025-07-14,L.A. Noire,31270,228450.11304298093,123006.79458900723,0.0,0.6333252732261798
2025-07-14,Max Payne 3,29359,176036.56399999995,92126.12188517144,0.0,0.6000000000000001
2025-07-14,Red Dead Redemption 2,85555,1229180.6195488935,717866.9661636058,77424.63054889378,0.6650000000000001
2025-07-21,Bully,22458,87356.7368397978,35774.65893129784,0.0,0.6129331429273676
2025-07-21,Grand Theft Auto V,99388,1097692.433883268,601151.5533019697,85404.75735084721,0.6601260882560696
2025-07-21,L.A. Noire,32060,240429.32754366746,131668.28429730897,0.0,0.62385153594434
2025-07-21,Max Payne 3,27470,158117.51799999995,79934.31558855607,0.0,0.6150000000000001
2025-07-21,Red Dead Redemption 2,79606,1132331.4191270687,661327.500451882,69377.27636600596,0.6686524919372208
2025-07-28,Bully,24451,96487.41599999998,40193.43541629881,0.0,0.6050000000000001
2025-07-28,Grand Theft Auto V,110168,1177117.9286825326,642857.286572227,97514.36413417998,0.6754630424306539
2025-07-28,L.A. Noire,29119,217860.56185605354,118417.13805067232,0.0,0.6222858171317187
2025-07-28,Max Payne 3,27729,165287.65755467012,83890.61963210828,0.0,0.6039105655586491
2025-07-28,Red Dead Redemption 2,88201,1260739.600501138,738000.2855380067,78028.18567695079,0.6678229037624684
2025-08-04,Bully,23869,93967.93799999998,38702.74288164688,0.0,0.6050000000000001
2025-08-04,Grand Theft Auto V,112232,1250187.9283489215,691602.3686478393,86800.85334892187,0.6537500000000002
2025-08-04,L.A. Noire,31293,237720.1949395164,130775.44327465916,0.0,0.6227700097617339
2025-08-04,Max Payne 3,26275,151000.26599999997,75246.96854394663,0.0,0.6150000000000001
2025-08-04,Red Dead Redemption 2,79655,1081040.0411180847,624643.6732953574,71366.40591642854,0.6824895293122951
2025-08-11,Bully,22915,89943.93095857385,36880.36394869856,0.0,0.6088798808752169
2025-08-11,Grand Theft Auto V,106909,1198104.0777935374,665446.1232745656,91390.60529353784,0.6537500000000002
2025-08-11,L.A. Noire,29887,235710.08599999992,132031.42927148571,0.0,0.6050000000000001
2025-08-11,Max Payne 3,26848,149886.69224911154,75654.74964478181,0.0,0.6283262355159308
2025-08-11,Red Dead Redemption 2,78984,1167458.1180596428,687941.370389546,76354.96205964313,0.6537500000000002
2025-08-18,Bully,22358,82467.42150168505,31653.021893390378,0.0,0.6261869664159001
2025-08-18,Grand Theft Auto V,105866,1190400.2492060715,659765.78689275,94346.7222060719,0.6537500000000002
2025-08-18,L.A. Noire,31612,245282.10906474726,137074.91889581172,0.0,0.6113599903852764
2025-08-18,Max Payne 3,26202,150381.99679584187,75635.81497700716,0.0,0.6171327984587379
2025-08-18,Red Dead Redemption 2,83609,1238084.8641224094,730832.9593086148,80640.2976224098,0.6537500000000002
2025-08-25,Bully,21861,85498.0472653146,35967.24770893088,0.0,0.6079682045991216
2025-08-25,Grand Theft Auto V,103814,1123560.5634547744,614605.5288603435,97256.27895477493,0.6725000000000001
2025-08-25,L.A. Noire,30375,236793.54399999994,131700.82725415265,0.0,0.6100000000000001
2025-08-25,Max Payne 3,24840,141944.4429716855,71175.68737470574,0.0,0.6183958657393086
2025-08-25,Red Dead Redemption 2,73740,1064391.838252703,623993.8424297245,77484.26177386245,0.664527399315226
2025-09-01,Bully,21256,81073.14419403243,32374.24457146829,0.0,0.615419967806634
2025-09-01,Grand Theft Auto V,103460,1134143.611087415,623527.7830861674,81590.5790874153,0.6612500000000001
2025-09-01,L.A. Noire,30089,233479.1785680198,130342.86177816728,0.0,0.613081150406796
2025-09-01,Max Payne 3,24305,142066.22599999997,71553.88016843692,0.0,0.6100000000000001
2025-09-01,Red Dead Redemption 2,80180,1146761.1963027471,672236.899710172,66026.41581330777,0.6608970235030275
2025-09-08,Bully,22476,84210.98618318148,33745.15342423958,0.0,0.6260212244029113
2025-09-08,Grand Theft Auto V,103472,1133392.0045819876,625087.1462524672,81465.67668599983,0.6609729039681673
2025-09-08,L.A. Noire,29634,232019.93199999994,128440.75196366309,0.0,0.6100000000000001
2025-09-08,Max Payne 3,24014,138488.10741972332,68960.07109907585,0.0,0.613775099175026
2025-09-08,Red Dead Redemption 2,74263,1077195.5793320264,631487.9469688197,74952.20283202677,0.6612500000000001
2025-09-15,Bully,21037,80742.95686678814,30910.182609354164,0.0,0.6178555218810516
2025-09-15,Grand Theft Auto V,102034,1162644.0623308506,646552.2380856265,91644.18133085115,0.6500000000000001
2025-09-15,L.A. Noire,29790,224338.1453047198,123699.72593899739,0.0,0.6215571903816808
2025-09-15,Max Payne 3,24256,139922.71571725584,69890.72086672299,0.0,0.6132857826300845
2025-09-15,Red Dead Redemption 2,78835,1162561.0768825065,685016.9728817475,76584.6388825068,0.6575000000000001
2025-09-22,Bully,21862,87360.55199999998,36063.06469341349,0.0,0.6000000000000001
2025-09-22,Grand Theft Auto V,99100,1116754.0878041247,618397.3265061934,100838.3393041251,0.6575000000000001
2025-09-22,L.A. Noire,28675,220033.92799999993,121488.03413379166,0.0,0.6150000000000001
2025-09-22,Max Payne 3,25879,153260.75799999997,78006.43315807896,0.0,0.6050000000000001
2025-09-22,Red Dead Redemption 2,77407,1077785.6191049383,628114.459873722,70221.18714995185,0.6719291630337354
2025-09-29,Bully,22096,86203.10360633812,35758.368632522266,0.0,0.6119641652770584
2025-09-29,Grand Theft Auto V,102809,1133049.403708997,621902.7075953955,84230.12670899725,0.6575000000000001
2025-09-29,L.A. Noire,29417,226567.78208067367,127024.88520831856,0.0,0.6143091360129695
2025-09-29,Max Payne 3,25855,148982.48366807093,76037.80730969792,0.0,0.6149234061988225
2025-09-29,Red Dead Redemption 2,71154,1013543.0999795736,590684.0539952591,74056.84153894911,0.6714824804299223
2025-10-06,Bully,22877,88794.33468280888,37205.78310287586,0.0,0.6115210508129628
2025-10-06,Grand Theft Auto V,102442,1132481.0225050265,622939.4991249834,98391.33400502695,0.6650000000000001
2025-10-06,L.A. Noire,30813,237615.59959112186,132421.39959546115,0.0,0.6151061934697238
2025-10-06,Max Payne 3,25099,144915.18360115695,71455.97404024712,0.0,0.6148121212297922
2025-10-06,Red Dead Redemption 2,86888,1264132.6008524757,741017.3274014173,85618.02972293828,0.6640577279199594
2025-10-13,Bully,23540,93574.39615844475,39857.99702015815,0.0,0.6028869470500738
2025-10-13,Grand Theft Auto V,107367,1178832.0954136325,650214.3910911968,106220.9387264509,0.6645543534324477
2025-10-13,L.A. Noire,30132,233387.317388208,128337.27508650499,0.0,0.6138445792302425
2025-10-13,Max Payne 3,25550,151274.32035918778,76632.32924207281,0.0,0.6044065082784407
2025-10-13,Red Dead Redemption 2,81905,1192039.3215065743,701435.8813803663,78321.08571806579,0.6600660181487582
2025-10-20,Bully,23291,90921.46444801571,37146.43433514821,0.0,0.6082447284650051
2025-10-20,Grand Theft Auto V,108477,1202245.523250311,660435.3986417976,94767.15547124234,0.6606813486617463
2025-10-20,L.A. Noire,32332,255037.42707049457,142419.62561546275,0.0,0.6046472183502634
2025-10-20,Max Payne 3,27474,153322.15037744687,76317.57003972375,0.0,0.625649252404463
2025-10-20,Red Dead Redemption 2,84065,1226478.4627365635,719359.5875411053,77647.74223656379,0.6612500000000001
2025-10-27,Bully,24653,94259.49193774926,37782.3457169195,0.0,0.6161215278746119
2025-10-27,Grand Theft Auto V,113564,1246545.3160694372,684147.2846632502,90324.35156943765,0.6612500000000001
2025-10-27,L.A. Noire,34478,259861.61419694746,145526.280584519,0.0,0.6238760645909708
2025-10-27,Max Payne 3,29712,165648.49399999998,82408.87876876492,0.0,0.6300000000000001
2025-10-27,Red Dead Redemption 2,89960,1327384.5798912046,781723.876568974,89812.050391205,0.6575000000000001
2025-11-03,Bully,25418,95803.91056757582,37559.75591994652,0.0,0.6232503309529033
2025-11-03,Grand Theft Auto V,111488,1232677.573738961,676297.5918670294,104923.15020868453,0.6633260342329589
2025-11-03,L.A. Noire,34141,255126.19054758435,140261.7054995764,0.0,0.6223978020064183
2025-11-03,Max Payne 3,29279,174054.88599999997,88099.39514077106,0.0,0.6050000000000001
2025-11-03,Red Dead Redemption 2,88713,1305200.4985339113,768018.9136868548,105398.5240339116,0.6612500000000001
2025-11-10,Bully,24773,93779.43462232444,36975.39831620085,0.0,0.6177336133347985
2025-11-10,Grand Theft Auto V,129165,1425563.656672253,788024.2614110031,109965.8318955665,0.6610078210656244
2025-11-10,L.A. Noire,36293,282825.91959236696,157934.6319544802,0.0,0.6087581320340065
2025-11-10,Max Payne 3,30265,175295.57391516617,87803.03701929242,0.0,0.6146541267756622
2025-11-10,Red Dead Redemption 2,97767,1409301.6438168453,827019.8599083733,92148.38342254834,0.6639097525711632
2025-11-17,Bully,25948,98950.6726176112,39092.94863612215,0.0,0.619100131494584
2025-11-17,Grand Theft Auto V,131670,1439120.0313629645,791387.8037278175,110748.15472235925,0.66377789518409
2025-11-17,L.A. Noire,37805,284605.62599999993,157308.00465281936,0.0,0.6200000000000001
2025-11-17,Max Payne 3,32150,183213.77599999995,93157.14783141426,0.0,0.6200000000000001
2025-11-17,Red Dead Redemption 2,96540,1418180.5884200647,833702.6670128688,83868.24992006499,0.6537500000000002
2025-11-24,Bully,25117,97605.08421219971,39402.56103811109,0.0,0.6138237258107585
2025-11-24,Grand Theft Auto V,128851,1443178.04821988,798021.5470321449,122484.42621988061,0.6575000000000001
2025-11-24,L.A. Noire,35111,276325.7679999999,152672.64322001117,0.0,0.6050000000000001
2025-11-24,Max Payne 3,32915,191491.43021681334,96802.19386025141,0.0,0.6117819685870817
2025-11-24,Red Dead Redemption 2,101022,1472021.0894015194,866939.9718804301,87070.66687241694,0.6570489937235653
2025-12-01,Bully,26342,100463.57492729963,39272.78205044773,0.0,0.6222930539216109
2025-12-01,Grand Theft Auto V,126267,1361614.7053488402,743079.7335600673,120800.3698108053,0.6718530510624106
2025-12-01,L.A. Noire,33777,262356.75599999994,144302.21347281506,0.0,0.6100000000000001
2025-12-01,Max Payne 3,31369,185963.84550762567,93645.64571886147,0.0,0.6042285121114441
2025-12-01,Red Dead Redemption 2,95546,1365032.5708874622,800952.7505432495,115109.1298874627,0.6725000000000001
2025-12-08,Bully,25355,98691.20999999998,39172.49061616439,0.0,0.6100000000000001
2025-12-08,Grand Theft Auto V,120504,1334802.367311515,733284.6222760665,102762.18431151549,0.6612500000000001
2025-12-08,L.A. Noire,36271,279993.5817899193,156502.22745670413,0.0,0.6127811445958957
2025-12-08,Max Payne 3,29935,177176.2842558741,88370.09608983378,0.0,0.6044206174565516
2025-12-08,Red Dead Redemption 2,87603,1249010.57929067,729806.549307463,93544.2683914427,0.667978390890355
2025-12-15,Bully,23833,92114.92335663288,34328.22224284539,0.0,0.6134110155381045
2025-12-15,Grand Theft Auto V,123456,1370776.8381566864,758891.7480042217,128077.8412576841,0.6631666539224585
2025-12-15,L.A. Noire,36453,266535.92214920255,146136.5191192878,0.0,0.6334287260280591
2025-12-15,Max Payne 3,28812,171628.26041317548,87030.82812991014,0.0,0.6040387854665074
2025-12-15,Red Dead Redemption 2,90150,1306398.2158959142,765246.4127392936,90708.96661636601,0.6604105386810794
2025-12-22,Bully,24359,92864.83795305004,37329.69146931741,0.0,0.6185911045585145
2025-12-22,Grand Theft Auto V,122289,1334584.5681473324,735726.9745121103,117339.36927157684,0.6673322084019986
2025-12-22,L.A. Noire,33355,253089.69272514814,139497.5172751397,0.0,0.6184510787076757
2025-12-22,Max Payne 3,26869,156372.98765850274,76789.20729643137,0.0,0.6141294690960358
2025-12-22,Red Dead Redemption 2,88834,1300988.1548764238,765960.2810352215,86649.81537642409,0.6575000000000001
2025-12-29,Bully,19033,72859.80999759641,29003.808399306487,0.0,0.6177971033578891
2025-12-29,Grand Theft Auto V,96242,1053370.8299336436,580587.5223339996,82359.62163846138,0.6631441646646059
2025-12-29,L.A. Noire,27486,210233.36726437285,116536.91966028449,0.0,0.6170758299121205
2025-12-29,Max Payne 3,24132,141611.89550538186,72458.67078600144,0.0,0.6075085757626544
2025-12-29,Red Dead Redemption 2,77865,1115365.8150858337,652316.472162136,76323.64058583397,0.6650000000000001
